<?xml version="1.0" encoding="UTF-8"?>
<!--XML-Beispieldatei von XMLSpy generiert v2016 (x64) (http://www.altova.com)-->
<asef:Configuration xmlns:asef="http://todo.example.com/asef" xmlns:xsi="http://www.w3.org/2001/XMLSchema-instance" xsi:schemaLocation="http://todo.example.com/asef ASC3F.xsd">
	<asef:GlobalConfiguration>
		<asef:CommonConfiguration>

			<Meta configurationName="Example configuration for the ASSUME SCA tool exchange format"
          version="1.1"
          description="This configuration is an example for the ASSUME SCA tool exchange format.">
				<Maintainer>Felix Kutzner (KIT)</Maintainer>
			</Meta>
			
			<HardwareTargets>
				<HardwareTarget xsi:type="asef:HomogenousHardwareTarget" name="PPC32"
          endianness="big"
          unalignedDereferenceSupported="true"
          pointerSize="32"
          functionPointerSize="32"/>
				<HardwareTarget xsi:type="asef:HomogenousHardwareTarget"
          name="x86-64"
          endianness="small"
          unalignedDereferenceSupported="true"
          pointerSize="64"
          functionPointerSize="64"/>
			</HardwareTargets>

			<LanguageTargets>
				<LanguageTarget xsi:type="asef:CLanguageTarget" name="C99"
          signedEnums="true"
          signedBitfields="false"
          fpRoundingMode="downward"
          fpConstantRoundingMode="toNearest"
          enumType="int"
          inlineAssemblyHandlingMode="ignore"
          initializeStaticVariables="true"
          enableVolatile="true"
          standardRevision="C99">
            <Types>
              <Type name="char" size="8" alignment="8" atomic="false"/>
              <Type name="short" size="16" alignment="16" atomic="false"/>
              <Type name="int" size="32" alignment="32" atomic="false"/>
              <Type name="long" size="32" alignment="32" atomic="false"/>
              <Type name="long long" size="64" alignment="32" atomic="false"/>
              <Type name="float" size="32" alignment="32" atomic="false"/>
              <Type name="double" size="64" alignment="64" atomic="false"/>
            </Types>
          </LanguageTarget>
          
          <LanguageTarget xsi:type="asef:CLanguageSubtarget"
            name="C99 with includes"
            superTarget="C99">
            <PreprocessorDefinitions overrideParentDefinitions="false">
              <Definition identifier="STATIC_ANALYSIS"/>
            </PreprocessorDefinitions>
            <IncludeDirectories insertionMode="append">
              <DirectoryURI>$_LIBINCLUDES_$</DirectoryURI>
            </IncludeDirectories>
            <IncludeFiles insertionMode="append">
              <IncludeFile path="$_SYSINCLUDES_$/compiler_sys.h" local="true"/>
            </IncludeFiles>
          </LanguageTarget>
          
          <LanguageTarget xsi:type="asef:CLanguageSubtarget"
            name="LT for ExampleModule"
            superTarget="C99 with includes">
            <IncludeDirectories insertionMode="append">
              <DirectoryURI>$_EXAMPLEMODULEPATH_$/include</DirectoryURI>
            </IncludeDirectories>
          </LanguageTarget>
			</LanguageTargets>
			
			
			<CheckTargets>
        <CheckTarget xsi:type="asef:CCheckTarget" name="BasicChecks">
          <CorrectnessCheckCategory name="numeric.divbyzero" failureHandlingMode="wraparound"/>
          <CorrectnessCheckCategory name="mem.ptr.deref" failureHandlingMode="stop"/>
          <!-- ... -->
        </CheckTarget>
			</CheckTargets>
			
			<ExecutionModelTargets>
				<ExecutionModelTarget xsi:type="asef:CSynchronousExecutionModelTarget" name="ExampleExecModel">
					<EntryPoints>
						<EntryPoint>main</EntryPoint>
					</EntryPoints>
				</ExecutionModelTarget>
			</ExecutionModelTargets>
			
		  <SourceModules>
			  <SourceModule name="ExampleModule" rootUri="$_EXAMPLEMODULESRC_$">
          <SourceFiles>
            <SourceFile uri="main.c" id="1"/>
            <SourceFile uri="dodgycode.c" id="2">
              <LanguageTargetExtension>
                <CLanguageSubtarget superTarget="auto">
                  <PreprocessorDefinitions overrideParentDefinitions="false">
                    <Definition identifier="ADD_MACRO" expansion="x+y"/>
                    <Definition identifier="KBD_PORT_ADDR" expansion="0x60"/>
                    <Definition identifier="KBD_STAT_ADDR" expansion="0x64"/>
                    <Definition identifier="KBD_CMD_ADDR" expansion="0x64"/>
                  </PreprocessorDefinitions>
                  <IncludeFiles insertionMode="append">
                    <IncludeFile path="HideProprietaryCExtensions.h" local="true"/>
                  </IncludeFiles>
                </CLanguageSubtarget>
              </LanguageTargetExtension>
            </SourceFile>
            <SourceFile uri="shadycode.c" id="3"/>
          </SourceFiles>
          
          <RequiredCStubs>
            <VisibilityControllingSymbols>
              <CVisibilityControllingSymbol name="ENABLE_LLBMC_STUBS"/>
              <CVisibilityControllingSymbol name="ENABLE_ASTREE_STUBS"/>
            </VisibilityControllingSymbols>
            <CUniversalStub uri="cstub://globalscope/open" group="posix_io"/>
            <CUniversalStub uri="cstub://globalscope/read" group="posix_io"/>
            <CUniversalStub uri="cstub://globalscope/write" group="posix_io"/>
            <CVisibilityControlledStub uri="cstub://filescope/ExampleModule/2/read_from_kbd"/>
            <CAutogenStub uri="cstub://globalscope/malloc"/>
            <CAutogenStub uri="cstub://globalscope/free"/>
          </RequiredCStubs>
        </SourceModule>
        
        
        <SourceModule name="ExampleModule_stubs" rootUri="$_EXAMPLEMODULESTUBS_$">
          <SourceFiles>
            <SourceFile uri="groups/posix_io.c" id="1">
              <ImplementsStubs>
                cstub://globalscope/open
                cstub://globalscope/read
                cstub://globalscope/write
              </ImplementsStubs>
            </SourceFile>
            
            <SourceFile uri="fancy_rng.c" id="2">
              <ImplementsStubs>cstub://globalscope/fancy_rng</ImplementsStubs>
            </SourceFile>
            
            <SourceFile uri="filescope/ExampleModule/2/read_from_device.c" id="3">
              <ImplementsStubs>cstub://filescope/ExampleModule/2/read_from_kbd</ImplementsStubs>
            </SourceFile>
          </SourceFiles>
        </SourceModule>
        
        <SourceModule name="ExampleModule_joined">
          <SourceFiles>
            <SourceFile uri="someOtherFancyRNG.c" id="1"/>
          </SourceFiles>
          <RequiresModules>
            <RequiresModule name="ExampleModule"/>
            <RequiresModule name="ExampleModule_stubs">
              <ExcludingFilesProvidingStub uri="cstub://globalscope/fancy_rng"/>
            </RequiresModule>
          </RequiresModules>
        </SourceModule>
		  </SourceModules>
			
			<AnalysisTasks>
				<AnalysisTask name="analyzeExampleModuleOnPPC" missingRequiredCapabilityHandlingMode="abort">
					<ReportGeneratorConfiguration documentFormat="assume"/>
					<HardwareTarget>PPC32</HardwareTarget>
					<SourceModule>ExampleModule_joined</SourceModule>
					<LanguageTarget>LT for ExampleModule</LanguageTarget>
					<CheckTarget>BasicChecks</CheckTarget>
					<ExecutionModelTarget>ExampleExecModel</ExecutionModelTarget>
				</AnalysisTask>
				<AnalysisTask name="analyzeExampleModuleOnX86_64" missingRequiredCapabilityHandlingMode="abort">
					<ReportGeneratorConfiguration documentFormat="assume"/>
					<HardwareTarget>x86-64</HardwareTarget>
					<SourceModule>ExampleModule_joined</SourceModule>
					<LanguageTarget>LT for ExampleModule</LanguageTarget>
					<CheckTarget>BasicChecks</CheckTarget>
					<ExecutionModelTarget>ExampleExecModel</ExecutionModelTarget>
				</AnalysisTask>
			</AnalysisTasks>
		</asef:CommonConfiguration>
		
		
		<asef:ToolConfigurations>
			<ToolConfiguration name="LLBMC" customParameters="-x">
				<ForAnalysisTasks>
          <AnalysisTaskName>PPC32</AnalysisTaskName>
          <AnalysisTaskName>x86_64</AnalysisTaskName>
				</ForAnalysisTasks>
				
				<LanguageTargetExtension>
          <CLanguageSubtarget superTarget="auto">
            <PreprocessorDefinitions overrideParentDefinitions="false">
              <Definition identifier="STATIC_ANALYSIS"/>
              <Definition identifier="ENABLE_LLBMC_STUBS"/>
            </PreprocessorDefinitions>
          </CLanguageSubtarget>
				</LanguageTargetExtension>
				
				<ToolSpecificConfiguration>
          <LoopBound>40</LoopBound>
        </ToolSpecificConfiguration>
        
			</ToolConfiguration>
		</asef:ToolConfigurations>
	</asef:GlobalConfiguration>
	
	<asef:LocalConfiguration>
		<URISubstitutionRules>
			<URISubstitutionRule token="$_LIBINCLUDES_$" substitution="file:///usr/include/libc"/>
			<URISubstitutionRule token="$_SYSINCLUDES_$" substitution="file:///usr/include"/>
      <URISubstitutionRule token="$_EXAMPLEMODULEPATH_$" substitution="file:///users/felix/projects/ExampleProject"/>
      <URISubstitutionRule token="$_EXAMPLEMODULESRC_$" substitution="$_EXAMPLEMODULEPATH_$/src"/>
      <URISubstitutionRule token="$_EXAMPLEMODULESTUBS_$" substitution="$_EXAMPLEMODULEPATH_$/verification/generatedStubs"/>
      <URISubstitutionRule token="$_EXAMPLEMODULEJOINED_$" substitution="$_EXAMPLEMODULEPATH_$/verification/joined"/>
		</URISubstitutionRules>
	</asef:LocalConfiguration>
</asef:Configuration>
